Id,Bound
0,0
1,1
2,0
3,0
4,0
5,0
6,0
7,1
8,0
9,1
10,1
11,0
12,0
13,1
14,1
15,0
16,1
17,0
18,1
19,0
20,1
21,1
22,0
23,1
24,1
25,0
26,0
27,0
28,1
29,0
30,1
31,1
32,1
33,1
34,1
35,0
36,0
37,0
38,1
39,0
40,0
41,0
42,1
43,0
44,0
45,1
46,0
47,0
48,0
49,0
50,1
51,0
52,1
53,0
54,1
55,0
56,0
57,0
58,1
59,1
60,1
61,1
62,0
63,0
64,0
65,0
66,0
67,0
68,1
69,1
70,0
71,1
72,1
73,1
74,0
75,1
76,1
77,1
78,1
79,1
80,1
81,0
82,1
83,1
84,1
85,0
86,0
87,1
88,0
89,1
90,1
91,0
92,0
93,0
94,0
95,0
96,0
97,0
98,0
99,1
100,1
101,1
102,1
103,1
104,0
105,1
106,0
107,0
108,1
109,0
110,0
111,1
112,0
113,1
114,0
115,1
116,0
117,1
118,0
119,0
120,1
121,1
122,0
123,1
124,1
125,0
126,1
127,0
128,0
129,0
130,0
131,0
132,0
133,0
134,1
135,0
136,0
137,1
138,1
139,1
140,1
141,0
142,1
143,1
144,0
145,0
146,1
147,1
148,0
149,1
150,0
151,1
152,0
153,0
154,1
155,1
156,1
157,0
158,0
159,1
160,1
161,1
162,0
163,0
164,1
165,1
166,0
167,1
168,0
169,1
170,1
171,1
172,1
173,0
174,0
175,0
176,1
177,1
178,1
179,0
180,1
181,0
182,1
183,0
184,1
185,1
186,1
187,1
188,0
189,0
190,1
191,0
192,1
193,0
194,1
195,0
196,0
197,1
198,1
199,1
200,1
201,0
202,0
203,1
204,0
205,1
206,1
207,0
208,1
209,1
210,1
211,1
212,1
213,0
214,0
215,0
216,1
217,1
218,1
219,0
220,1
221,1
222,0
223,0
224,1
225,0
226,0
227,0
228,0
229,0
230,1
231,0
232,1
233,0
234,0
235,0
236,1
237,0
238,0
239,0
240,0
241,1
242,1
243,0
244,1
245,1
246,1
247,0
248,1
249,0
250,1
251,1
252,0
253,0
254,1
255,0
256,1
257,0
258,1
259,0
260,1
261,1
262,1
263,1
264,0
265,0
266,0
267,1
268,1
269,1
270,1
271,0
272,0
273,0
274,1
275,0
276,1
277,0
278,0
279,1
280,0
281,0
282,1
283,1
284,1
285,1
286,1
287,0
288,0
289,0
290,0
291,0
292,1
293,1
294,1
295,0
296,0
297,0
298,0
299,1
300,1
301,0
302,0
303,0
304,0
305,1
306,1
307,0
308,1
309,0
310,1
311,1
312,0
313,0
314,0
315,1
316,0
317,1
318,0
319,1
320,1
321,0
322,0
323,1
324,1
325,1
326,0
327,0
328,0
329,1
330,1
331,1
332,0
333,0
334,1
335,0
336,1
337,0
338,0
339,0
340,1
341,1
342,0
343,1
344,1
345,1
346,1
347,1
348,0
349,1
350,0
351,1
352,1
353,1
354,1
355,0
356,1
357,1
358,0
359,0
360,1
361,0
362,0
363,0
364,1
365,1
366,0
367,1
368,0
369,0
370,0
371,1
372,0
373,0
374,0
375,0
376,1
377,1
378,0
379,1
380,1
381,0
382,1
383,0
384,1
385,1
386,0
387,1
388,0
389,1
390,1
391,0
392,1
393,1
394,1
395,1
396,0
397,1
398,0
399,0
400,0
401,1
402,1
403,0
404,0
405,1
406,0
407,1
408,1
409,0
410,0
411,0
412,0
413,0
414,1
415,1
416,1
417,0
418,1
419,1
420,1
421,0
422,1
423,1
424,1
425,0
426,0
427,0
428,1
429,0
430,0
431,0
432,1
433,1
434,0
435,1
436,1
437,0
438,0
439,1
440,0
441,1
442,1
443,1
444,0
445,1
446,0
447,1
448,0
449,1
450,1
451,1
452,0
453,1
454,1
455,1
456,1
457,1
458,0
459,0
460,1
461,0
462,1
463,0
464,1
465,0
466,0
467,0
468,0
469,1
470,0
471,1
472,0
473,1
474,1
475,1
476,1
477,0
478,1
479,1
480,1
481,0
482,1
483,1
484,0
485,0
486,1
487,1
488,0
489,1
490,1
491,1
492,1
493,0
494,1
495,1
496,1
497,1
498,1
499,0
500,0
501,1
502,0
503,1
504,0
505,0
506,1
507,1
508,1
509,1
510,0
511,1
512,0
513,0
514,0
515,0
516,0
517,1
518,1
519,1
520,0
521,1
522,1
523,1
524,1
525,1
526,1
527,1
528,0
529,0
530,1
531,0
532,0
533,0
534,1
535,1
536,1
537,1
538,1
539,0
540,1
541,1
542,1
543,1
544,0
545,0
546,0
547,0
548,1
549,1
550,1
551,1
552,0
553,0
554,0
555,1
556,0
557,0
558,1
559,1
560,1
561,1
562,0
563,0
564,0
565,0
566,1
567,0
568,0
569,1
570,0
571,0
572,0
573,1
574,1
575,1
576,0
577,0
578,1
579,1
580,1
581,0
582,0
583,0
584,1
585,1
586,0
587,0
588,1
589,1
590,1
591,0
592,1
593,1
594,0
595,0
596,1
597,1
598,1
599,0
600,1
601,0
602,1
603,0
604,0
605,0
606,1
607,1
608,0
609,1
610,0
611,0
612,0
613,1
614,0
615,0
616,1
617,1
618,0
619,0
620,1
621,0
622,0
623,1
624,0
625,1
626,0
627,1
628,0
629,1
630,0
631,0
632,0
633,1
634,1
635,1
636,1
637,1
638,1
639,1
640,0
641,0
642,0
643,1
644,1
645,1
646,0
647,1
648,0
649,0
650,0
651,1
652,1
653,0
654,1
655,0
656,1
657,1
658,0
659,1
660,1
661,0
662,1
663,1
664,1
665,1
666,0
667,0
668,1
669,1
670,1
671,0
672,1
673,0
674,0
675,0
676,0
677,0
678,0
679,1
680,1
681,0
682,1
683,1
684,0
685,1
686,1
687,1
688,1
689,1
690,0
691,1
692,0
693,0
694,1
695,1
696,0
697,1
698,0
699,0
700,1
701,1
702,1
703,1
704,1
705,0
706,1
707,1
708,1
709,0
710,1
711,1
712,0
713,0
714,0
715,1
716,1
717,0
718,0
719,1
720,1
721,1
722,0
723,1
724,0
725,1
726,1
727,1
728,1
729,1
730,1
731,0
732,0
733,1
734,1
735,0
736,1
737,1
738,0
739,1
740,1
741,0
742,0
743,0
744,1
745,0
746,0
747,0
748,1
749,1
750,1
751,1
752,0
753,1
754,1
755,1
756,1
757,0
758,1
759,0
760,0
761,0
762,0
763,1
764,1
765,0
766,1
767,0
768,0
769,0
770,0
771,0
772,1
773,1
774,1
775,0
776,1
777,1
778,1
779,1
780,1
781,1
782,1
783,1
784,1
785,1
786,1
787,1
788,0
789,1
790,1
791,1
792,1
793,1
794,1
795,1
796,0
797,1
798,0
799,1
800,1
801,1
802,1
803,0
804,1
805,1
806,1
807,1
808,0
809,0
810,1
811,1
812,1
813,0
814,0
815,1
816,1
817,1
818,1
819,0
820,0
821,1
822,0
823,1
824,1
825,1
826,1
827,1
828,0
829,0
830,0
831,1
832,1
833,1
834,1
835,0
836,1
837,1
838,1
839,1
840,0
841,0
842,1
843,1
844,1
845,1
846,1
847,1
848,1
849,1
850,0
851,0
852,1
853,0
854,0
855,0
856,0
857,0
858,1
859,1
860,0
861,1
862,0
863,1
864,0
865,1
866,0
867,1
868,1
869,1
870,1
871,1
872,0
873,0
874,0
875,1
876,1
877,0
878,1
879,1
880,1
881,1
882,1
883,0
884,1
885,0
886,1
887,0
888,1
889,0
890,1
891,1
892,1
893,1
894,1
895,1
896,0
897,1
898,1
899,0
900,1
901,1
902,1
903,1
904,1
905,1
906,1
907,1
908,1
909,1
910,1
911,1
912,1
913,0
914,1
915,1
916,1
917,1
918,1
919,1
920,0
921,1
922,0
923,1
924,0
925,1
926,1
927,1
928,1
929,1
930,1
931,0
932,0
933,1
934,1
935,1
936,1
937,1
938,1
939,1
940,1
941,1
942,1
943,1
944,0
945,1
946,0
947,0
948,1
949,1
950,1
951,1
952,0
953,1
954,1
955,1
956,1
957,0
958,1
959,1
960,1
961,1
962,0
963,1
964,1
965,1
966,1
967,1
968,1
969,1
970,1
971,1
972,1
973,0
974,1
975,1
976,1
977,1
978,1
979,1
980,1
981,1
982,1
983,1
984,0
985,1
986,1
987,1
988,0
989,1
990,1
991,1
992,1
993,1
994,1
995,0
996,1
997,0
998,1
999,1
1000,1
1001,1
1002,0
1003,0
1004,1
1005,0
1006,1
1007,0
1008,1
1009,0
1010,1
1011,0
1012,0
1013,0
1014,1
1015,1
1016,1
1017,0
1018,1
1019,0
1020,0
1021,1
1022,0
1023,0
1024,0
1025,0
1026,0
1027,0
1028,0
1029,0
1030,0
1031,0
1032,0
1033,0
1034,0
1035,1
1036,0
1037,1
1038,0
1039,1
1040,0
1041,0
1042,1
1043,0
1044,1
1045,1
1046,0
1047,0
1048,0
1049,1
1050,1
1051,1
1052,1
1053,0
1054,0
1055,0
1056,0
1057,0
1058,0
1059,1
1060,1
1061,1
1062,0
1063,1
1064,1
1065,1
1066,1
1067,0
1068,0
1069,0
1070,1
1071,1
1072,0
1073,1
1074,0
1075,1
1076,0
1077,1
1078,0
1079,0
1080,1
1081,1
1082,1
1083,1
1084,1
1085,0
1086,1
1087,1
1088,0
1089,1
1090,0
1091,0
1092,0
1093,1
1094,0
1095,1
1096,0
1097,1
1098,0
1099,1
1100,1
1101,1
1102,0
1103,1
1104,1
1105,0
1106,1
1107,0
1108,1
1109,0
1110,1
1111,1
1112,0
1113,1
1114,0
1115,1
1116,1
1117,1
1118,1
1119,0
1120,0
1121,0
1122,0
1123,1
1124,1
1125,0
1126,1
1127,0
1128,1
1129,0
1130,0
1131,1
1132,0
1133,0
1134,1
1135,1
1136,0
1137,1
1138,0
1139,1
1140,0
1141,1
1142,1
1143,1
1144,1
1145,1
1146,0
1147,1
1148,1
1149,1
1150,0
1151,1
1152,1
1153,1
1154,0
1155,1
1156,0
1157,0
1158,0
1159,0
1160,1
1161,0
1162,0
1163,1
1164,1
1165,1
1166,1
1167,1
1168,0
1169,1
1170,1
1171,1
1172,1
1173,0
1174,0
1175,0
1176,1
1177,1
1178,0
1179,1
1180,1
1181,1
1182,0
1183,0
1184,1
1185,0
1186,0
1187,0
1188,0
1189,1
1190,0
1191,1
1192,0
1193,1
1194,0
1195,0
1196,1
1197,0
1198,1
1199,0
1200,1
1201,0
1202,0
1203,1
1204,0
1205,0
1206,1
1207,1
1208,0
1209,1
1210,0
1211,0
1212,1
1213,0
1214,0
1215,1
1216,1
1217,0
1218,0
1219,0
1220,1
1221,0
1222,0
1223,1
1224,1
1225,1
1226,0
1227,1
1228,1
1229,1
1230,0
1231,0
1232,0
1233,0
1234,1
1235,1
1236,0
1237,0
1238,1
1239,0
1240,0
1241,1
1242,1
1243,0
1244,1
1245,1
1246,0
1247,0
1248,0
1249,0
1250,1
1251,1
1252,0
1253,1
1254,1
1255,0
1256,1
1257,1
1258,1
1259,1
1260,1
1261,1
1262,1
1263,1
1264,1
1265,0
1266,0
1267,0
1268,1
1269,1
1270,1
1271,0
1272,1
1273,1
1274,0
1275,0
1276,0
1277,1
1278,1
1279,1
1280,0
1281,0
1282,0
1283,0
1284,1
1285,0
1286,0
1287,1
1288,1
1289,0
1290,1
1291,0
1292,1
1293,0
1294,0
1295,0
1296,1
1297,0
1298,1
1299,1
1300,0
1301,1
1302,0
1303,0
1304,0
1305,0
1306,1
1307,1
1308,1
1309,0
1310,1
1311,0
1312,0
1313,0
1314,1
1315,1
1316,0
1317,1
1318,1
1319,0
1320,0
1321,1
1322,0
1323,1
1324,1
1325,1
1326,0
1327,1
1328,0
1329,1
1330,0
1331,1
1332,1
1333,1
1334,0
1335,1
1336,0
1337,1
1338,1
1339,1
1340,0
1341,0
1342,0
1343,1
1344,1
1345,0
1346,0
1347,1
1348,0
1349,1
1350,0
1351,0
1352,0
1353,1
1354,1
1355,0
1356,1
1357,1
1358,1
1359,1
1360,0
1361,0
1362,1
1363,0
1364,0
1365,0
1366,0
1367,1
1368,0
1369,1
1370,0
1371,0
1372,0
1373,0
1374,0
1375,1
1376,1
1377,0
1378,0
1379,1
1380,0
1381,1
1382,1
1383,1
1384,1
1385,1
1386,0
1387,1
1388,1
1389,0
1390,0
1391,1
1392,0
1393,0
1394,1
1395,1
1396,1
1397,1
1398,1
1399,0
1400,1
1401,1
1402,0
1403,0
1404,0
1405,1
1406,0
1407,1
1408,0
1409,1
1410,1
1411,1
1412,1
1413,1
1414,1
1415,1
1416,1
1417,0
1418,1
1419,0
1420,1
1421,1
1422,1
1423,0
1424,1
1425,0
1426,0
1427,0
1428,0
1429,1
1430,1
1431,0
1432,0
1433,1
1434,1
1435,0
1436,1
1437,1
1438,1
1439,1
1440,0
1441,1
1442,1
1443,0
1444,0
1445,1
1446,1
1447,1
1448,0
1449,1
1450,1
1451,0
1452,1
1453,1
1454,0
1455,0
1456,1
1457,0
1458,1
1459,1
1460,0
1461,0
1462,0
1463,1
1464,0
1465,0
1466,1
1467,1
1468,0
1469,1
1470,0
1471,0
1472,1
1473,1
1474,0
1475,0
1476,0
1477,1
1478,1
1479,0
1480,0
1481,1
1482,1
1483,0
1484,0
1485,0
1486,0
1487,1
1488,1
1489,0
1490,0
1491,0
1492,1
1493,0
1494,1
1495,1
1496,0
1497,1
1498,1
1499,1
1500,0
1501,1
1502,1
1503,1
1504,1
1505,1
1506,0
1507,1
1508,1
1509,1
1510,0
1511,0
1512,1
1513,1
1514,1
1515,0
1516,0
1517,1
1518,1
1519,1
1520,0
1521,1
1522,1
1523,0
1524,1
1525,0
1526,1
1527,1
1528,0
1529,1
1530,0
1531,0
1532,1
1533,1
1534,0
1535,1
1536,1
1537,1
1538,1
1539,1
1540,0
1541,1
1542,1
1543,0
1544,0
1545,1
1546,0
1547,1
1548,1
1549,1
1550,1
1551,1
1552,1
1553,0
1554,0
1555,1
1556,0
1557,0
1558,1
1559,1
1560,1
1561,1
1562,0
1563,1
1564,1
1565,1
1566,1
1567,1
1568,1
1569,1
1570,0
1571,0
1572,1
1573,0
1574,1
1575,0
1576,1
1577,1
1578,1
1579,0
1580,1
1581,1
1582,1
1583,0
1584,1
1585,1
1586,1
1587,1
1588,1
1589,1
1590,1
1591,0
1592,0
1593,1
1594,1
1595,0
1596,1
1597,0
1598,0
1599,0
1600,0
1601,1
1602,0
1603,1
1604,1
1605,1
1606,1
1607,0
1608,0
1609,1
1610,0
1611,0
1612,1
1613,1
1614,0
1615,0
1616,0
1617,0
1618,0
1619,0
1620,1
1621,1
1622,1
1623,0
1624,0
1625,0
1626,1
1627,0
1628,1
1629,1
1630,1
1631,0
1632,1
1633,1
1634,1
1635,1
1636,0
1637,1
1638,0
1639,1
1640,1
1641,0
1642,0
1643,0
1644,0
1645,1
1646,1
1647,0
1648,0
1649,1
1650,1
1651,1
1652,0
1653,1
1654,0
1655,0
1656,0
1657,0
1658,1
1659,1
1660,1
1661,1
1662,1
1663,1
1664,1
1665,0
1666,0
1667,1
1668,1
1669,0
1670,1
1671,1
1672,1
1673,1
1674,1
1675,0
1676,1
1677,1
1678,1
1679,0
1680,0
1681,0
1682,1
1683,0
1684,0
1685,1
1686,1
1687,1
1688,1
1689,1
1690,1
1691,1
1692,1
1693,1
1694,1
1695,1
1696,0
1697,1
1698,1
1699,0
1700,0
1701,1
1702,0
1703,1
1704,1
1705,0
1706,1
1707,1
1708,1
1709,1
1710,1
1711,1
1712,0
1713,1
1714,0
1715,1
1716,0
1717,1
1718,1
1719,0
1720,0
1721,1
1722,0
1723,1
1724,1
1725,1
1726,1
1727,1
1728,1
1729,0
1730,1
1731,0
1732,0
1733,0
1734,1
1735,1
1736,1
1737,1
1738,1
1739,1
1740,0
1741,1
1742,0
1743,0
1744,0
1745,1
1746,1
1747,0
1748,1
1749,0
1750,1
1751,0
1752,0
1753,0
1754,0
1755,1
1756,0
1757,0
1758,1
1759,0
1760,1
1761,0
1762,1
1763,0
1764,0
1765,1
1766,1
1767,1
1768,1
1769,1
1770,0
1771,1
1772,0
1773,1
1774,0
1775,1
1776,1
1777,1
1778,1
1779,1
1780,0
1781,1
1782,1
1783,1
1784,1
1785,0
1786,1
1787,1
1788,0
1789,1
1790,0
1791,1
1792,0
1793,0
1794,0
1795,0
1796,0
1797,0
1798,1
1799,0
1800,0
1801,1
1802,1
1803,1
1804,0
1805,1
1806,0
1807,0
1808,0
1809,1
1810,1
1811,1
1812,1
1813,0
1814,1
1815,1
1816,1
1817,1
1818,1
1819,0
1820,1
1821,1
1822,0
1823,0
1824,1
1825,1
1826,1
1827,1
1828,1
1829,0
1830,1
1831,0
1832,1
1833,0
1834,1
1835,1
1836,1
1837,0
1838,1
1839,1
1840,1
1841,1
1842,1
1843,0
1844,1
1845,1
1846,1
1847,1
1848,0
1849,0
1850,1
1851,1
1852,1
1853,0
1854,0
1855,1
1856,1
1857,0
1858,1
1859,1
1860,1
1861,1
1862,0
1863,0
1864,0
1865,0
1866,0
1867,0
1868,1
1869,1
1870,0
1871,1
1872,0
1873,0
1874,1
1875,1
1876,1
1877,1
1878,1
1879,0
1880,1
1881,1
1882,0
1883,1
1884,1
1885,1
1886,0
1887,0
1888,0
1889,1
1890,0
1891,1
1892,1
1893,1
1894,0
1895,0
1896,1
1897,1
1898,0
1899,1
1900,1
1901,1
1902,1
1903,1
1904,0
1905,0
1906,1
1907,0
1908,1
1909,0
1910,1
1911,1
1912,1
1913,0
1914,1
1915,0
1916,1
1917,1
1918,1
1919,1
1920,1
1921,1
1922,0
1923,1
1924,0
1925,0
1926,0
1927,0
1928,0
1929,0
1930,1
1931,0
1932,1
1933,1
1934,0
1935,0
1936,1
1937,1
1938,1
1939,0
1940,0
1941,1
1942,0
1943,1
1944,1
1945,1
1946,0
1947,0
1948,1
1949,0
1950,1
1951,0
1952,1
1953,1
1954,0
1955,0
1956,1
1957,0
1958,1
1959,0
1960,0
1961,1
1962,1
1963,0
1964,1
1965,1
1966,1
1967,1
1968,1
1969,1
1970,0
1971,0
1972,0
1973,1
1974,0
1975,1
1976,0
1977,0
1978,1
1979,1
1980,1
1981,1
1982,0
1983,0
1984,1
1985,1
1986,0
1987,1
1988,1
1989,0
1990,1
1991,0
1992,1
1993,1
1994,1
1995,0
1996,0
1997,0
1998,1
1999,0
2000,0
2001,1
2002,0
2003,1
2004,1
2005,1
2006,1
2007,1
2008,0
2009,0
2010,1
2011,1
2012,0
2013,1
2014,0
2015,0
2016,1
2017,1
2018,0
2019,1
2020,0
2021,0
2022,1
2023,0
2024,0
2025,1
2026,1
2027,0
2028,1
2029,0
2030,0
2031,1
2032,1
2033,1
2034,1
2035,1
2036,1
2037,1
2038,1
2039,1
2040,1
2041,0
2042,1
2043,1
2044,0
2045,1
2046,0
2047,1
2048,1
2049,1
2050,0
2051,1
2052,1
2053,1
2054,0
2055,1
2056,0
2057,1
2058,1
2059,0
2060,1
2061,1
2062,1
2063,1
2064,0
2065,1
2066,0
2067,1
2068,1
2069,1
2070,0
2071,0
2072,0
2073,0
2074,1
2075,1
2076,1
2077,0
2078,0
2079,1
2080,1
2081,0
2082,0
2083,1
2084,0
2085,1
2086,1
2087,0
2088,1
2089,1
2090,0
2091,1
2092,0
2093,1
2094,1
2095,0
2096,1
2097,1
2098,1
2099,0
2100,1
2101,0
2102,0
2103,0
2104,0
2105,1
2106,0
2107,0
2108,1
2109,0
2110,1
2111,1
2112,1
2113,0
2114,1
2115,0
2116,1
2117,0
2118,1
2119,1
2120,0
2121,1
2122,1
2123,1
2124,1
2125,1
2126,0
2127,0
2128,1
2129,1
2130,1
2131,0
2132,1
2133,0
2134,1
2135,0
2136,1
2137,0
2138,0
2139,1
2140,1
2141,1
2142,0
2143,0
2144,1
2145,1
2146,1
2147,0
2148,0
2149,0
2150,0
2151,0
2152,0
2153,1
2154,1
2155,1
2156,1
2157,1
2158,0
2159,1
2160,0
2161,1
2162,0
2163,1
2164,0
2165,1
2166,1
2167,0
2168,0
2169,0
2170,0
2171,1
2172,1
2173,0
2174,0
2175,1
2176,0
2177,1
2178,0
2179,0
2180,0
2181,0
2182,1
2183,0
2184,0
2185,1
2186,1
2187,1
2188,0
2189,1
2190,0
2191,1
2192,1
2193,1
2194,0
2195,0
2196,1
2197,1
2198,1
2199,1
2200,0
2201,0
2202,1
2203,1
2204,0
2205,1
2206,1
2207,1
2208,0
2209,0
2210,1
2211,0
2212,0
2213,0
2214,0
2215,1
2216,0
2217,1
2218,0
2219,1
2220,0
2221,1
2222,1
2223,1
2224,1
2225,1
2226,1
2227,1
2228,1
2229,1
2230,0
2231,1
2232,1
2233,1
2234,1
2235,1
2236,1
2237,0
2238,1
2239,1
2240,1
2241,1
2242,0
2243,0
2244,0
2245,0
2246,0
2247,1
2248,1
2249,1
2250,1
2251,1
2252,0
2253,0
2254,0
2255,0
2256,0
2257,0
2258,0
2259,1
2260,1
2261,1
2262,1
2263,1
2264,1
2265,1
2266,0
2267,1
2268,0
2269,1
2270,1
2271,0
2272,0
2273,1
2274,1
2275,1
2276,1
2277,0
2278,1
2279,1
2280,0
2281,0
2282,1
2283,0
2284,1
2285,1
2286,0
2287,0
2288,0
2289,0
2290,1
2291,1
2292,0
2293,0
2294,1
2295,1
2296,1
2297,1
2298,0
2299,1
2300,0
2301,1
2302,1
2303,1
2304,1
2305,0
2306,1
2307,0
2308,1
2309,0
2310,1
2311,0
2312,0
2313,0
2314,1
2315,0
2316,0
2317,0
2318,0
2319,1
2320,1
2321,1
2322,1
2323,1
2324,0
2325,1
2326,1
2327,1
2328,0
2329,0
2330,0
2331,1
2332,0
2333,0
2334,1
2335,1
2336,0
2337,1
2338,0
2339,0
2340,1
2341,0
2342,1
2343,0
2344,0
2345,1
2346,1
2347,1
2348,1
2349,1
2350,1
2351,0
2352,1
2353,1
2354,1
2355,1
2356,0
2357,1
2358,1
2359,1
2360,0
2361,1
2362,1
2363,0
2364,1
2365,1
2366,1
2367,1
2368,0
2369,0
2370,1
2371,0
2372,0
2373,1
2374,1
2375,1
2376,1
2377,0
2378,0
2379,1
2380,0
2381,0
2382,1
2383,0
2384,1
2385,0
2386,0
2387,0
2388,1
2389,1
2390,0
2391,0
2392,1
2393,1
2394,1
2395,1
2396,1
2397,1
2398,1
2399,1
2400,0
2401,1
2402,1
2403,0
2404,1
2405,1
2406,1
2407,0
2408,1
2409,1
2410,1
2411,1
2412,0
2413,1
2414,0
2415,0
2416,1
2417,0
2418,0
2419,1
2420,0
2421,1
2422,0
2423,1
2424,1
2425,1
2426,1
2427,0
2428,1
2429,1
2430,1
2431,1
2432,1
2433,1
2434,0
2435,0
2436,1
2437,0
2438,1
2439,1
2440,0
2441,0
2442,1
2443,1
2444,1
2445,1
2446,1
2447,0
2448,0
2449,1
2450,0
2451,1
2452,1
2453,1
2454,1
2455,0
2456,0
2457,1
2458,1
2459,0
2460,0
2461,1
2462,1
2463,1
2464,0
2465,1
2466,0
2467,1
2468,0
2469,1
2470,1
2471,1
2472,1
2473,1
2474,1
2475,0
2476,1
2477,1
2478,1
2479,1
2480,1
2481,0
2482,0
2483,1
2484,1
2485,1
2486,1
2487,0
2488,1
2489,1
2490,1
2491,0
2492,1
2493,1
2494,1
2495,1
2496,1
2497,1
2498,0
2499,0
2500,0
2501,0
2502,1
2503,0
2504,1
2505,0
2506,1
2507,1
2508,1
2509,0
2510,0
2511,0
2512,0
2513,1
2514,1
2515,1
2516,1
2517,1
2518,0
2519,1
2520,1
2521,1
2522,1
2523,0
2524,0
2525,0
2526,0
2527,1
2528,0
2529,1
2530,0
2531,0
2532,1
2533,0
2534,0
2535,1
2536,1
2537,1
2538,1
2539,0
2540,1
2541,1
2542,1
2543,1
2544,1
2545,1
2546,0
2547,1
2548,1
2549,1
2550,1
2551,1
2552,0
2553,1
2554,0
2555,1
2556,1
2557,1
2558,1
2559,0
2560,0
2561,1
2562,1
2563,0
2564,0
2565,0
2566,1
2567,0
2568,1
2569,1
2570,1
2571,1
2572,1
2573,1
2574,1
2575,0
2576,1
2577,1
2578,0
2579,0
2580,1
2581,1
2582,1
2583,1
2584,1
2585,1
2586,1
2587,1
2588,1
2589,1
2590,1
2591,1
2592,1
2593,0
2594,1
2595,1
2596,1
2597,1
2598,1
2599,0
2600,1
2601,1
2602,1
2603,1
2604,1
2605,1
2606,1
2607,1
2608,1
2609,1
2610,1
2611,0
2612,1
2613,1
2614,1
2615,0
2616,1
2617,1
2618,1
2619,0
2620,0
2621,0
2622,1
2623,1
2624,1
2625,1
2626,1
2627,0
2628,1
2629,1
2630,1
2631,1
2632,1
2633,1
2634,1
2635,0
2636,1
2637,1
2638,0
2639,0
2640,0
2641,1
2642,1
2643,1
2644,1
2645,0
2646,1
2647,1
2648,1
2649,1
2650,1
2651,0
2652,1
2653,1
2654,1
2655,1
2656,1
2657,1
2658,0
2659,1
2660,0
2661,1
2662,0
2663,1
2664,0
2665,1
2666,1
2667,0
2668,1
2669,1
2670,1
2671,1
2672,0
2673,0
2674,1
2675,0
2676,1
2677,1
2678,1
2679,1
2680,0
2681,1
2682,1
2683,1
2684,0
2685,0
2686,1
2687,0
2688,1
2689,1
2690,1
2691,0
2692,0
2693,1
2694,1
2695,1
2696,1
2697,0
2698,1
2699,1
2700,0
2701,1
2702,0
2703,0
2704,0
2705,1
2706,1
2707,1
2708,0
2709,1
2710,1
2711,0
2712,1
2713,0
2714,1
2715,0
2716,1
2717,1
2718,1
2719,1
2720,1
2721,1
2722,1
2723,1
2724,1
2725,1
2726,0
2727,1
2728,1
2729,1
2730,0
2731,1
2732,0
2733,0
2734,1
2735,1
2736,0
2737,1
2738,1
2739,0
2740,1
2741,1
2742,1
2743,0
2744,1
2745,1
2746,1
2747,1
2748,0
2749,1
2750,0
2751,0
2752,0
2753,1
2754,0
2755,0
2756,1
2757,1
2758,0
2759,0
2760,1
2761,1
2762,1
2763,1
2764,1
2765,1
2766,0
2767,1
2768,1
2769,1
2770,0
2771,0
2772,0
2773,0
2774,1
2775,1
2776,1
2777,1
2778,0
2779,1
2780,1
2781,0
2782,0
2783,1
2784,1
2785,1
2786,1
2787,1
2788,1
2789,1
2790,1
2791,1
2792,1
2793,1
2794,1
2795,1
2796,1
2797,0
2798,1
2799,0
2800,1
2801,1
2802,1
2803,1
2804,1
2805,1
2806,0
2807,1
2808,1
2809,1
2810,1
2811,1
2812,1
2813,1
2814,1
2815,1
2816,0
2817,0
2818,1
2819,0
2820,1
2821,1
2822,1
2823,1
2824,1
2825,1
2826,1
2827,1
2828,0
2829,1
2830,0
2831,1
2832,1
2833,1
2834,0
2835,1
2836,1
2837,1
2838,1
2839,0
2840,0
2841,1
2842,1
2843,1
2844,1
2845,1
2846,1
2847,1
2848,1
2849,0
2850,1
2851,1
2852,1
2853,1
2854,1
2855,1
2856,1
2857,1
2858,1
2859,1
2860,1
2861,1
2862,1
2863,1
2864,1
2865,1
2866,1
2867,1
2868,1
2869,1
2870,0
2871,1
2872,1
2873,1
2874,1
2875,1
2876,1
2877,1
2878,1
2879,1
2880,1
2881,1
2882,1
2883,1
2884,1
2885,1
2886,1
2887,1
2888,1
2889,1
2890,1
2891,0
2892,1
2893,1
2894,1
2895,1
2896,1
2897,1
2898,1
2899,1
2900,1
2901,1
2902,1
2903,0
2904,1
2905,1
2906,1
2907,0
2908,1
2909,1
2910,1
2911,1
2912,0
2913,0
2914,1
2915,0
2916,1
2917,1
2918,1
2919,0
2920,1
2921,1
2922,1
2923,1
2924,0
2925,1
2926,1
2927,1
2928,1
2929,1
2930,1
2931,1
2932,1
2933,1
2934,0
2935,1
2936,1
2937,1
2938,0
2939,1
2940,1
2941,1
2942,0
2943,0
2944,0
2945,1
2946,1
2947,1
2948,1
2949,1
2950,1
2951,0
2952,1
2953,0
2954,1
2955,1
2956,1
2957,1
2958,0
2959,1
2960,1
2961,1
2962,1
2963,0
2964,1
2965,1
2966,1
2967,0
2968,1
2969,1
2970,1
2971,1
2972,1
2973,1
2974,0
2975,1
2976,0
2977,0
2978,0
2979,1
2980,0
2981,1
2982,0
2983,1
2984,1
2985,1
2986,1
2987,1
2988,1
2989,1
2990,1
2991,1
2992,1
2993,1
2994,0
2995,1
2996,1
2997,1
2998,0
2999,1
